{
  "project_info": {
    "project_number": "291860944094",
    "firebase_url": "https://ontime-55bcc.firebaseio.com",
    "project_id": "ontime-55bcc",
    "storage_bucket": "ontime-55bcc.appspot.com"
  },
  "client": [
    {
      "client_info": {
        "mobilesdk_app_id": "1:291860944094:android:64a6ddeb1615de19",
        "android_client_info": {
          "package_name": "com.fullsail.caseyscott.ontime"
        }
      },
      "oauth_client": [
        {
          "client_id": "291860944094-bsmv92bc0ebdo81ove9bst3avdpepu17.apps.googleusercontent.com",
          "client_type": 1,
          "android_info": {
            "package_name": "com.fullsail.caseyscott.ontime",
            "certificate_hash": "f20a73db8be4df09f671162528fdfb3762608bc1"
          }
        },
        {
          "client_id": "291860944094-3rhu8al1olafbbjhvmao4r7biil5kilv.apps.googleusercontent.com",
          "client_type": 3
        }
      ],
      "api_key": [
        {
          "current_key": "AIzaSyAR63ClhyUTjQqMULDTJxa6ayYwJpXNR9A"
        }
      ],
      "services": {
        "analytics_service": {
          "status": 1
        },
        "appinvite_service": {
          "status": 2,
          "other_platform_oauth_client": [
            {
              "client_id": "291860944094-3rhu8al1olafbbjhvmao4r7biil5kilv.apps.googleusercontent.com",
              "client_type": 3
            }
          ]
        },
        "ads_service": {
          "status": 2
        }
      }
    }
  ],
  "configuration_version": "1"
}